ID,Category,Prompt,Language,Purpose,Notes
1,Customer Support,Salam brat ğŸ˜„! Yeni aldÄ±ÄŸÄ±m noutbukun ÅŸarjÄ± cÉ™mi 2 saat gedir, normaldÄ±r?,AZ,Respond to a customer worried about short battery life,Use friendly greeting and emoji; suggest battery calibration.
2,Customer Support,HÃ¶rmÉ™tli mÃ¼ÅŸtÉ™ri, sifariÅŸ etdiyiniz ehtiyat hissÉ™si artÄ±q maÄŸazamÄ±zdadÄ±r. TÉ™slimat Ã¼Ã§Ã¼n sizÉ™ uyÄŸun vaxtÄ± tÉ™yin edin.,AZ,Notify customer their ordered part has arrived,Polite and friendly; ask for a convenient time.
3,Customer Support,Hello! I received a wrong item in my order (ordered a 500GB SSD, got a 250GB). Please assist.,EN,Handle a complaint about receiving a wrong item,Apologise and offer a replacement or refund.
4,Customer Support,Ğ”Ğ¾Ñ€Ğ¾Ğ³Ğ¾Ğ¹ Ğ´Ñ€ÑƒĞ³, Ñ ĞºÑƒĞ¿Ğ¸Ğ» Ñƒ Ğ²Ğ°Ñ Ğ·Ğ°Ñ€ÑĞ´Ğ½Ğ¾Ğµ ÑƒÑÑ‚Ñ€Ğ¾Ğ¹ÑÑ‚Ğ²Ğ¾, Ğ½Ğ¾ Ğ¾Ğ½Ğ¾ Ğ½Ğµ Ñ€Ğ°Ğ±Ğ¾Ñ‚Ğ°ĞµÑ‚. ĞœĞ¾Ğ¶ĞµÑ‚Ğµ Ğ¿Ğ¾Ğ¼Ğ¾Ñ‡ÑŒ?,RU,Assist a customer with a non-working charger in Russian,Use endearing language; suggest troubleshooting or replacement.
5,Customer Support,Salam, brat! Notebookuma format lazÄ±mdÄ±r. QiymÉ™ti vÉ™ prosesi izah edÉ™ bilÉ™rsÉ™n?,AZ,Explain the cost and process of formatting a laptop,Use â€œbratâ€ and describe service details and timing.
6,Customer Support,MÉ™n axÅŸam saat 8-dÉ™ gÉ™lÉ™ bilÉ™rÉ™m? Ä°ÅŸ saatlarÄ±nÄ±z neÃ§É™dir?,AZ,Answer a question about visiting outside business hours,Provide working hours and suggest alternatives.
7,Customer Support,ZÉ™hmÉ™t olmasa, bu hÉ™ftÉ™ Ã¼Ã§Ã¼n servis nÃ¶vbÉ™si gÃ¶tÃ¼rmÉ™k istÉ™yirÉ™m. NecÉ™ edÉ™ bilÉ™rÉ™m?,AZ,Guide on booking a service appointment,Explain booking process and ask for preferred time.
8,Customer Support,Salam. MÉ™n sizdÉ™n 3 gÃ¼n É™vvÉ™l telefon sifariÅŸ etmiÅŸdim, hÉ™lÉ™ Ã§atmayÄ±b. Durum nÉ™ yerdÉ™dir?,AZ,Provide an order status update,Check delivery status and apologise for any delay.
9,Customer Support,Hi, Iâ€™m looking for a gaming laptop cooling pad. Do you have something like that?,EN,Assist an English-speaking customer seeking a cooling pad,Suggest suitable products and availability.
10,Customer Support,Notebookumun sÉ™s Ã§Ä±xÄ±ÅŸÄ± iÅŸlÉ™mir, brat, nÉ™ edÉ™ bilÉ™rÉ™m?,AZ,Help troubleshoot a laptop audio issue,Suggest checking drivers and visiting service centre.
11,Customer Support,MÃ¼ÅŸtÉ™ri dÉ™stÉ™yi Ã¼Ã§Ã¼n bir sorÄŸum var: son alÄ±ÅŸÄ±mÄ±n zÉ™manÉ™t detallarÄ±nÄ± necÉ™ Ã¶yrÉ™nÉ™ bilÉ™rÉ™m?,AZ,Explain how to find warranty details,Ask for order information; provide instructions.
12,Customer Support,Ã‡atdÄ±rÄ±lma xidmÉ™ti ilÉ™ baÄŸlÄ± sualÄ±m var. Rayonlara gÃ¶ndÉ™riÅŸ varmÄ±?,AZ,Answer a question about regional delivery,Mention courier options, timing, and cost.
13,Customer Support,Salam brat! Pulsuz diaqnostika mÃ¶vcuddur?,AZ,Inform about free diagnostics,Clarify that initial diagnostics are free and how to book.
14,Customer Support,Hello! Do you provide international shipping? I live outside Azerbaijan.,EN,Answer whether international shipping is available,Clarify regions, costs, and delivery times.
15,Customer Support,Ğ”Ğ¾Ñ€Ğ¾Ğ³Ğ¾Ğ¹ Ğ´Ñ€ÑƒĞ³, Ğ¼Ğ¾Ğ¶Ğ½Ğ¾ Ğ»Ğ¸ Ğ·Ğ°ĞºĞ°Ğ·Ğ°Ñ‚ÑŒ Ğ·Ğ°Ğ¼ĞµĞ½Ñƒ Ğ±Ğ°Ñ‚Ğ°Ñ€ĞµĞ¸ Ğ·Ğ°Ñ€Ğ°Ğ½ĞµĞµ?,RU,Ask if a battery replacement can be pre-ordered,Explain pre-order process and lead time.
16,Technical Service,Noutbuk aÃ§Ä±lÄ±r, ancaq ekran qara qalÄ±r. SÉ™bÉ™b nÉ™ ola bilÉ™r, necÉ™ dÃ¼zÉ™ltmÉ™li?,AZ,Troubleshoot a laptop with a black screen,Check RAM, display connection, external monitor.
17,Technical Service,ĞšĞ¾Ğ¼Ğ¿ÑŒÑÑ‚ĞµÑ€ Ğ¸Ğ·Ğ´Ğ°ĞµÑ‚ 3 ĞºĞ¾Ñ€Ğ¾Ñ‚ĞºĞ¸Ñ… ÑĞ¸Ğ³Ğ½Ğ°Ğ»Ğ° Ğ¿Ñ€Ğ¸ ÑÑ‚Ğ°Ñ€Ñ‚Ğµ Ğ¸ Ğ½Ğµ Ğ·Ğ°Ğ³Ñ€ÑƒĞ¶Ğ°ĞµÑ‚ÑÑ. Ğ§Ñ‚Ğ¾ ÑÑ‚Ğ¾ Ğ·Ğ½Ğ°Ñ‡Ğ¸Ñ‚?,RU,Explain a PC beep code with three short beeps,Identify memory issue; suggest reseating RAM.
18,Technical Service,My PC is overheating and shutting down during games. How can I fix this?,EN,Provide solutions for overheating PC during gaming,Clean fans, reapply thermal paste, ensure ventilation.
19,Technical Service,Salam, printer kaÄŸÄ±zÄ± iÃ§indÉ™ sÄ±xÄ±ÅŸdÄ±rÄ±r. Bunu evdÉ™ necÉ™ hÉ™ll edÉ™ bilÉ™rÉ™m?,AZ,Guide on fixing a paper jam at home,Turn off printer; gently remove jammed paper.
20,Technical Service,Telefonum Ã§ox yavaÅŸ iÅŸlÉ™yir vÉ™ qÄ±zÄ±r. SÉ™bÉ™bi nÉ™dir, necÉ™ hÉ™ll edim?,AZ,Diagnose a slow and overheating smartphone,Remove background apps; check battery; scan for malware.
21,Technical Service,Notebookum Wi-Fi-a qoÅŸulmur, amma digÉ™r cihazlar qoÅŸulur. Problemi necÉ™ tapÄ±m?,AZ,Troubleshoot a laptop Wi-Fi connection issue,Check drivers; toggle adapter; restart router.
22,Technical Service,SSD-ni HDD-dÉ™n necÉ™ fÉ™rqlÉ™ndirim vÉ™ noutbuka SSD quraÅŸdÄ±rÄ±lmasÄ± nÉ™ verir?,AZ,Explain difference between SSD and HDD and benefits,Highlight speed improvement and noise reduction.
23,Technical Service,MasaÃ¼stÃ¼ kompÃ¼terim Ã¶z-Ã¶zÃ¼nÉ™ sÃ¶nÃ¼r. GÃ¼c blokunda problem ola bilÉ™r?,AZ,Diagnose random shutdowns of a desktop PC,Suggest testing PSU and checking for overheating.
24,Technical Service,MÉ™nim MacBookâ€™um Ã¼Ã§Ã¼n RAM yÃ¼ksÉ™ltmÉ™si etmÉ™k istÉ™yirÉ™m. Maksimum nÉ™ qÉ™dÉ™r artÄ±rmaq olar?,AZ,Determine the maximum RAM upgrade for a MacBook,Clarify model/year; reference Apple specs.
25,Technical Service,I spilled water on my laptop keyboard. What steps should I take immediately?,EN,Guide on handling a liquid spill on a laptop,Turn off, unplug, dry, and seek professional cleaning.
26,Technical Service,Windows 11 Ã¼Ã§Ã¼n É™n son driverlÉ™ri necÉ™ yÃ¼klÉ™yÉ™ bilÉ™rÉ™m? HansÄ± saytdan baxÄ±m?,AZ,Explain how to update drivers on Windows 11,Use Windows Update or official manufacturer websites.
27,Technical Service,Laptop ventilyatoru sÉ™s-kÃ¼ylÃ¼ iÅŸlÉ™yir. TÉ™mizlÉ™mÉ™yi Ã¶zÃ¼m edÉ™ bilÉ™rÉ™mmi?,AZ,Ask if a noisy laptop fan can be cleaned at home,Recommend professional cleaning; provide careful DIY steps.
28,Technical Service,Ğ”Ğ¾Ñ€Ğ¾Ğ³Ğ¾Ğ¹ Ğ´Ñ€ÑƒĞ³, Ñƒ Ğ¼ĞµĞ½Ñ Ğ¿Ñ€Ğ¾Ğ±Ğ»ĞµĞ¼Ğ° Ñ Ğ·Ğ°Ñ€ÑĞ´ĞºĞ¾Ğ¹ Ğ½Ğ¾ÑƒÑ‚Ğ±ÑƒĞºĞ°. ĞĞºĞºÑƒĞ¼ÑƒĞ»ÑÑ‚Ğ¾Ñ€ Ğ½Ğµ Ğ·Ğ°Ñ€ÑĞ¶Ğ°ĞµÑ‚ÑÑ. Ğ§Ñ‚Ğ¾ Ğ´ĞµĞ»Ğ°Ñ‚ÑŒ?,RU,Troubleshoot a laptop charging issue in Russian,Suggest checking charger, battery health, and DC jack.
29,Technical Service,Hello, my tablet doesnâ€™t charge or turn on. What could be wrong?,EN,Diagnose a tablet that wonâ€™t charge or power on,Check charger/cable; perform hard reset; seek service.
30,Technical Service,Salam, klaviaturada bÉ™zi dÃ¼ymÉ™lÉ™r iÅŸlÉ™mÉ™k istÉ™mir. NÉ™ edÉ™ bilÉ™rÉ™m?,AZ,Fix a keyboard with non-working keys,Clean keys; check connector; replace if needed.
31,Product Recommendations,MÉ™n qrafik dizayn vÉ™ video montaj Ã¼Ã§Ã¼n noutbuk axtarÄ±ram. HansÄ± modeli tÃ¶vsiyÉ™ edirsiniz?,AZ,Recommend laptops for graphic design and video editing,Suggest models with powerful CPU/GPU, RAM, SSD, colour-accurate display.
32,Product Recommendations,Ä°ki telefon arasÄ±nda qalmÄ±ÅŸam: iPhone 13 vÉ™ Samsung Galaxy S21. HansÄ±nÄ± mÉ™slÉ™hÉ™t gÃ¶rÃ¼rsÃ¼nÃ¼z?,AZ,Compare two phone models and advise,Discuss ecosystem, camera, battery, price, user preference.
33,Product Recommendations,I need a high-capacity external hard drive for backups, at least 4TB. What do you recommend?,EN,Recommend a large external HDD for backups,Suggest reliable brands; mention USB 3.0; discuss SSD vs HDD.
34,Product Recommendations,ĞĞ¹Ğ½Ğ°maq Ã¼Ã§Ã¼n klaviatura istÉ™yirÉ™m, amma bÃ¼dcÉ™m azdÄ±r. Ğ§Ñ‚Ğ¾ Ğ¿Ğ¾ÑĞ¾Ğ²ĞµÑ‚ÑƒĞµÑ‚Ğµ?,Mixed,Recommend a budget gaming keyboard,Suggest affordable options; mention RGB features if desired.
35,Product Recommendations,MÉ™nÉ™ ofis Ã¼Ã§Ã¼n printer lazÄ±mdÄ±r. RÉ™ngli vÉ™ skaner funksiyasÄ± olsun. QiymÉ™ti orta sÉ™viyyÉ™dÉ™.,AZ,Recommend a mid-priced office printer with colour and scanner,Suggest multifunction inkjet or laser; explain pros and cons.
36,Product Recommendations,KompÃ¼terimÉ™ RAM É™lavÉ™ etmÉ™k istÉ™yirÉ™m. HansÄ± RAM tipi uyÄŸun olduÄŸunu necÉ™ mÃ¼É™yyÉ™n edim?,AZ,Show how to determine compatible RAM type,Guide to check DDR version, MHz, form factor; or ask for device model.
37,Product Recommendations,Looking for a budget-friendly laptop for basic home use (web browsing, Office apps). Any suggestions?,EN,Suggest an entry-level laptop for basic tasks,Recommend CPU (i3/Ryzen 3), 8GB RAM, SSD; emphasise value.
38,Product Recommendations,YÃ¼ksÉ™k sÃ¼rÉ™tli internet Ã¼Ã§Ã¼n hansÄ± router-i mÉ™slÉ™hÉ™t gÃ¶rÃ¼rsÃ¼nÃ¼z? Evin 2 mÉ™rtÉ™bÉ™lidir.,AZ,Recommend a router for a two-story home,Suggest dual-band or mesh system; discuss range and stability.
39,Product Recommendations,ĞĞ°ÑƒÑˆĞ½Ğ¸ĞºĞ¸ Ğ½ÑƒĞ¶Ğ½Ñ‹ Ğ´Ğ»Ñ Ñ€Ğ°Ğ±Ğ¾Ñ‚Ñ‹, Ñ ÑˆÑƒĞ¼Ğ¾Ğ¿Ğ¾Ğ´Ğ°Ğ²Ğ»ĞµĞ½Ğ¸ĞµĞ¼. ĞšĞ°ĞºĞ¸Ğµ Ğ¿Ğ¾ÑĞ¾Ğ²ĞµÑ‚ÑƒĞµÑ‚Ğµ?,RU,Recommend noise-cancelling headphones for work,Suggest models like Sony WH-1000XM or Bose QC; compare price.
40,Product Recommendations,UÅŸaÄŸÄ±m Ã¼Ã§Ã¼n tÉ™dris proqramlarÄ± iÅŸlÉ™dÉ™n planÅŸet axtarÄ±ram. Ucuz vÉ™ dayanÄ±qlÄ± olsun.,AZ,Find a durable, affordable tablet for children,Suggest rugged or kid-friendly tablets; mention protective cases.
41,Product Recommendations,Salam, gaming monitor Ã¼Ã§Ã¼n tÃ¶vsiyÉ™ verÉ™ bilÉ™rsiniz?,AZ,Recommend a monitor for gaming,Discuss refresh rate, response time, resolution, price.
42,Product Recommendations,Salam, 3D dizayn Ã¼Ã§Ã¼n CPU vÉ™ GPU kombinasiyasÄ±nÄ± seÃ§mÉ™kdÉ™ kÃ¶mÉ™k edin.,AZ,Assist in selecting CPU/GPU for 3D design,Suggest high-core-count CPUs and powerful GPUs (RTX series).
43,Product Recommendations,What power bank would you recommend for travelling?,EN,Recommend a portable power bank for travel,Mention capacity, size, USB-C compatibility, safety certifications.
44,Product Recommendations,Salam, portativ projektor almaq istÉ™yirÉ™m. HansÄ± parametrlÉ™rÉ™ diqqÉ™t etmÉ™liyÉ™m?,AZ,Guide on choosing a portable projector,Discuss brightness, resolution, connectivity, battery life.
45,Product Recommendations,Salam, smart saat almaq istÉ™yirÉ™m. HansÄ± modeli mÉ™slÉ™hÉ™t gÃ¶rÃ¼rsÃ¼nÃ¼z?,AZ,Recommend a smart watch,Compare Apple, Samsung, Garmin; discuss features and compatibility.
46,Advertisements & Marketing,PierringShot Electronics Ã¼Ã§Ã¼n yay endirim kampaniyasÄ±nÄ±n reklam mÉ™tnini yaz: 20% endirim, 1 hÉ™ftÉ™ davam edÉ™cÉ™k.,AZ,Create ad copy for a summer sale campaign,Use energetic language and a call-to-action.
47,Advertisements & Marketing,Draft an English Facebook ad for PierringShot Electronics promoting fast laptop repair service with free diagnostics.,EN,Write a Facebook ad promoting fast laptop repair and free diagnostics,Keep it concise; emphasise speed and free check-ups.
48,Advertisements & Marketing,Yeni aÃ§Ä±lan GÉ™nclik filialÄ±mÄ±z Ã¼Ã§Ã¼n elan yaz. XÃ¼susi aÃ§Ä±lÄ±ÅŸ endirimlÉ™ri vurgula.,AZ,Announce a new branch opening and highlight opening discounts,Convey excitement and limited-time offers.
49,Advertisements & Marketing,Laptoplar Ã¼Ã§Ã¼n Back to School kampaniyasÄ± â€“ kreativ vÉ™ gÉ™nclik ruhunda reklam mÉ™tni hazÄ±rla.,AZ,Write back-to-school campaign ad for laptops targeting students,Use youthful language and emojis.
50,Advertisements & Marketing,Write a catchy tagline in English for PierringShot Electronics focusing on trust and speed.,EN,Create a slogan emphasising reliability and quick service,Keep it short and memorable.
51,Advertisements & Marketing,PierringShot Ã¼Ã§Ã¼n Rusiya bazarÄ± Ã¼Ã§Ã¼n reklam sloqanÄ±: etibarlÄ±lÄ±q vÉ™ keyfiyyÉ™ti Ã¶n plana Ã§Ä±xar.,RU,Develop a Russian slogan highlighting reliability and quality,Use a professional, trustworthy tone.
52,Advertisements & Marketing,WhatsApp statusu Ã¼Ã§Ã¼n maÄŸazamÄ±zda yeni gÉ™lÉ™n mÉ™hsullar haqqÄ±nda elan hazÄ±rla (AZ).,AZ,Create a WhatsApp status update about newly arrived products,Use emojis and exclamations to attract attention.
53,Advertisements & Marketing,Draft a promotional SMS in English announcing a weekend sale on accessories.,EN,Write a short SMS advertising a weekend sale on accessories,Include sale details and shop link or address.
54,Advertisements & Marketing,Brat, maÄŸazada KÃ¶hnÉ™ni gÉ™tir, tÉ™zÉ™ni apar kampaniyasÄ±nÄ± elan et: kÃ¶hnÉ™ cihazÄ±nÄ± gÉ™tirÉ™nÉ™ yeni mÉ™hsullara 15% endirim.,AZ,Announce a trade-in campaign offering 15% off,Explain trade-in simply; emphasise discount.
55,Advertisements & Marketing,Instagram postu Ã¼Ã§Ã¼n hashtag-larla birlikdÉ™ qÄ±sa reklam: 'Gaming Gear Sale' (AZ dilindÉ™).,AZ,Write a brief Instagram caption for a gaming gear sale,Use relevant hashtags and emojis.
56,Advertisements & Marketing,Black Friday kampaniyasÄ± Ã¼Ã§Ã¼n reklam mÉ™tni hazÄ±rla (AZ).,AZ,Create promotional copy for a Black Friday campaign,Highlight huge discounts and urgency.
57,Advertisements & Marketing,Yeni il endirimlÉ™ri haqqÄ±nda elan yaz (EN).,EN,Write an announcement for New Year discounts,Use festive language and limited-time offers.
58,Advertisements & Marketing,Back to work promosiyonu Ã¼Ã§Ã¼n marketinq mÉ™tni yaz (AZ).,AZ,Write marketing copy for a back-to-work promotion,Motivate customers returning to work to upgrade their tech.
59,Advertisements & Marketing,PayÄ±z endirim kampaniyasÄ±nÄ± elan et (RU).,RU,Announce an autumn sale campaign in Russian,Emphasise seasonal deals and warm tone.
60,Advertisements & Marketing,Cyber Monday Ã¼Ã§Ã¼n reklam mÉ™tni hazÄ±rla (AZ).,AZ,Create a Cyber Monday advertisement,Focus on online deals and limited timing.
61,Scenario Creation & Roleplay,SÃ¶hbÉ™t ssenarisi: MÃ¼ÅŸtÉ™ri qÉ™zÉ™bli ÅŸÉ™kildÉ™ zÉ™ng edir, tÉ™mir uzun Ã§É™kib. AI kÃ¶mÉ™kÃ§isi sakitlÉ™ÅŸdirir vÉ™ hÉ™ll tÉ™klif edir. Bu dialoqu yaz.,AZ,Simulate a phone call with an angry customer about a delayed repair,The assistant apologises, empathises, and offers a solution.
62,Scenario Creation & Roleplay,CanlandÄ±rma: AI assistenti yeni gÉ™lÉ™n iÅŸÃ§iyÉ™ maÄŸazadakÄ± prosedurlarÄ± Ã¶yrÉ™dir. Rollarda AI (tÉ™limÃ§i) vÉ™ yeni iÅŸÃ§i var.,AZ,Simulate onboarding training between assistant and new employee,Cover opening procedures, inventory checks, and customer greetings.
63,Scenario Creation & Roleplay,Roleplay in English: Customer enters the store looking for a specific laptop model thatâ€™s out of stock. AI assistant offers alternatives and tries to upsell.,EN,Practise upselling when requested item is unavailable,Use polite and sales-oriented language; justify alternatives.
64,Scenario Creation & Roleplay,Ssenari: MÃ¼ÅŸtÉ™ri WhatsApp-da yazÄ±r ki, 'TÉ™ÅŸÉ™kkÃ¼rlÉ™r, servis É™la idi'. AI bot cavab verir, gÉ™lÉ™cÉ™kdÉ™ dÉ™ kÃ¶mÉ™k Ã¼Ã§Ã¼n yazmasÄ±nÄ± tÉ™ÅŸviq edir.,AZ,Show a scenario of a satisfied customer thanking via WhatsApp,Respond warmly; encourage future engagement.
65,Scenario Creation & Roleplay,Imagine a scenario where the AI assistant has to coordinate between a customer and a technician via chat. Write a script of how the assistant handles relaying info.,EN,Test the assistantâ€™s role as intermediary between customer and technician,Include multi-turn handling of technical details and updates.
66,Scenario Creation & Roleplay,Ğ”Ğ¸Ğ°Ğ»Ğ¾Ğ³: ĞšĞ»Ğ¸ĞµĞ½Ñ‚ ÑĞ¿Ñ€Ğ°ÑˆĞ¸Ğ²Ğ°ĞµÑ‚ Ğ¾ ÑÑ‚Ğ°Ñ‚ÑƒÑĞµ Ñ€ĞµĞ¼Ğ¾Ğ½Ñ‚Ğ° Ğ½Ğ° Ñ€ÑƒÑÑĞºĞ¾Ğ¼, AI Ğ¾Ñ‚Ğ²ĞµÑ‡Ğ°ĞµÑ‚ Ğ¸ Ğ¿Ñ€ĞµĞ´Ğ»Ğ°Ğ³Ğ°ĞµÑ‚ Ğ´Ğ¾Ğ¿Ğ¾Ğ»Ğ½Ğ¸Ñ‚ĞµĞ»ÑŒĞ½Ñ‹Ğµ ÑƒÑĞ»ÑƒĞ³Ğ¸.,RU,Simulate a Russian conversation about repair status,Provide status and suggest additional services like cleaning.
67,Scenario Creation & Roleplay,SÃ¶hbÉ™t ssenarisi: MÃ¼ÅŸtÉ™ri AI bota sÉ™sli mesaj gÃ¶ndÉ™rir. AI Whisper modeli ilÉ™ transkripsiya edib cavab verir.,AZ,Demonstrate handling of voice messages via transcription,Describe transcription then reply with text.
68,Scenario Creation & Roleplay,Ssenari: SatiÅŸ sonrasÄ± feedback toplayan AI bot, mÃ¼ÅŸtÉ™ridÉ™n rÉ™y alÄ±r.,AZ,Simulate collecting customer feedback after a purchase,Encourage honest feedback and thank the customer.
69,Scenario Creation & Roleplay,Scenario: Customer asks for price negotiation on a product. The AI explains pricing policy politely.,EN,Handle price negotiation requests,Emphasise value and service quality rather than discount.
70,Scenario Creation & Roleplay,Roleplay: Customer returns a faulty item and asks for a refund. AI processes the return and offers alternative solutions.,AZ,Simulate a return and refund process,Verify warranty status; process refund; suggest replacement.
71,Scenario Creation & Roleplay,Ssenari: MÃ¼ÅŸtÉ™ri trade-in kampaniyasÄ± Ã¼Ã§Ã¼n sual verir. AI tÉ™klif edir vÉ™ proseduru izah edir.,AZ,Handle inquiries about trade-in campaigns,Explain conditions, discount calculation, and timeline.
72,Scenario Creation & Roleplay,Roleplay: Out of stock item conversation in Russian. Offer to notify customer when itâ€™s back in stock.,RU,Handle a Russian inquiry about an out-of-stock product,Offer to save contact details and notify when available.
73,Scenario Creation & Roleplay,Scenario: Customer uses rude language. The AI calmly redirects the conversation and maintains professionalism.,AZ,Demonstrate handling of rude interactions,Remain calm; remind customer of respect; continue assisting.
74,Scenario Creation & Roleplay,Scenario: Customer requests a large bulk order; AI explains lead time and special pricing.,EN,Simulate negotiating bulk orders,Provide quantity discounts, deposit requirements, and delivery schedule.
75,Scenario Creation & Roleplay,Ssenari: MÃ¼ÅŸtÉ™ri zÉ™manÉ™t Ã¼zrÉ™ iddia qaldÄ±rÄ±r vÉ™ AI bununla baÄŸlÄ± proseduru izah edir.,AZ,Explain the process of filing a warranty claim,Specify required documents, timeline, and next steps.
76,Sales Analytics,AylÄ±q satÄ±ÅŸ hesabatÄ±nÄ± hazÄ±rla: Oktyabr 2025. GÃ¶stÉ™ricilÉ™r: Ã¼mumi satÄ±ÅŸ, onlayn vs oflayn nisbÉ™ti, É™n Ã§ox satÄ±lan 3 mÉ™hsul.,AZ,Generate a monthly sales report for October 2025,Include total sales, online/offline breakdown, top three products.
77,Sales Analytics,Summarize the quarterly sales trend and highlight any seasonal impacts in English. Data: Q1 â€“ $200k, Q2 â€“ $220k, Q3 â€“ $180k, Q4 â€“ $300k.,EN,Summarise quarterly sales trends and seasonality,Note Q4 spike and Q3 dip with explanations.
78,Sales Analytics,Hesabat: Bu il onlayn satÄ±ÅŸlarÄ±mÄ±z keÃ§É™n ilÉ™ gÃ¶rÉ™ neÃ§É™ faiz artÄ±b? Ã–tÉ™n il 100k, bu il 150k AZN.,AZ,Calculate and summarise year-over-year online sales growth,Compute percentage increase and comment on success.
79,Sales Analytics,Ğ ĞµĞ·ÑĞ¼Ğµ Ğ¿Ñ€Ğ¾Ğ´Ğ°Ğ¶ Ğ½Ğ° Ñ€ÑƒÑÑĞºĞ¾Ğ¼: ÑÑ€Ğ°Ğ²Ğ½Ğ¸Ñ‚ÑŒ Ğ¿Ñ€Ğ¾Ğ´Ğ°Ğ¶Ğ¸ Ğ½Ğ¾ÑƒÑ‚Ğ±ÑƒĞºĞ¾Ğ² Ğ¸ Ğ°ĞºÑĞµÑÑÑƒĞ°Ñ€Ğ¾Ğ² Ğ·Ğ° Ğ¿Ğ¾ÑĞ»ĞµĞ´Ğ½Ğ¸Ğ¹ Ğ¼ĞµÑÑÑ†. Laptops: 50kâ‚¼, Accessories: 30kâ‚¼.,RU,Summarise laptop vs accessory sales in Russian,Highlight which category is higher and possible reasons.
80,Sales Analytics,Create a CSV similarity matching prompt for product recommendations. Input: product name, output: similar products.,EN,Design a prompt using CSV for product recommendations,Describe columns and expected output format.
81,Sales Analytics,MÉ™nÉ™ Ã¶tÉ™n ayÄ±n sosial media engagement statistikasÄ±nÄ± xÃ¼lasÉ™ et. (MÉ™s: post sayÄ±, like, comment, click),AZ,Summarise last monthâ€™s social media engagement statistics,Highlight post counts, likes, comments, clicks, and trends.
82,Sales Analytics,Generate a brief report analyzing which product category had the highest return rate last quarter and possible reasons.,EN,Analyse which product category has the highest return rate,Suggest reasons like defects or wrong orders.
83,Sales Analytics,YarÄ±m illik (6 aylÄ±q) satÄ±ÅŸ proqnozunu hazÄ±rla: artÄ±m trendi aylÄ±q ~5%. NÉ™ticÉ™ni qÄ±sa izah et.,AZ,Project sales for the next six months assuming 5% monthly growth,Include numbers and a brief explanation.
84,Sales Analytics,Analyse top performing sales channels and identify improvements.,EN,Identify the best performing sales channels,Suggest improvements for weaker channels.
85,Sales Analytics,Summarize seasonal sales dips in AZ.,AZ,Highlight sales declines during specific seasons,Suggest strategies to mitigate dips.
86,Sales Analytics,Generate a report of return rates by product type and propose reduction strategies.,EN,Analyse return rates by product type,Suggest quality control or customer education strategies.
87,Sales Analytics,Report: Which accessories sold fastest this year?,EN,Identify the most rapidly selling accessories,Provide numbers and discuss reasons.
88,Sales Analytics,Hesabat: Online vÉ™ offline satÄ±ÅŸlar bÃ¶lgÉ™lÉ™r Ã¼zrÉ™.,AZ,Summarise sales by region comparing online vs offline,Highlight top regions and growth opportunities.
89,Sales Analytics,Report: Sales per employee performance in English.,EN,Compare sales generated by each employee,Identify top performers and training needs.
90,Sales Analytics,TÉ™hlil et: Endirim kampaniyalarÄ±nÄ±n effektivliyi vÉ™ gÉ™lirÉ™ tÉ™siri.,AZ,Analyse discount campaign effectiveness and impact on revenue,Compare metrics before and after campaigns; compute ROI.
91,Social Media,Instagram postu Ã¼Ã§Ã¼n baÅŸlÄ±q: PierringShot texniki servis iÅŸi zamanÄ± Ã§É™kilmiÅŸ ÅŸÉ™kil. MÃ¶vzu: 'iÅŸ baÅŸÄ±nda peÅŸÉ™karlar'.,AZ,Write an Instagram caption highlighting professionalism,Include hashtags like #PierringShotTeam and #TexnikiServis.
92,Social Media,Twitter Ã¼Ã§Ã¼n 280 simvolluq paylaÅŸÄ±m yaz: mÃ¶vzu â€“ yeni gÉ™lÉ™n gaming aksesuarlarÄ±.,AZ,Write a tweet about new gaming accessories,Use emojis like ğŸ®; include hashtags.
93,Social Media,Draft a LinkedIn post in English announcing our CEO's participation in a tech conference.,EN,Announce the CEOâ€™s participation in a tech conference,Use professional tone; highlight leadership and innovation.
94,Social Media,YouTube video Ã¼Ã§Ã¼n description yaz (AZ): mÃ¶vzu - 'Laptop tÉ™miri: Ekran dÉ™yiÅŸimi addÄ±m-addÄ±m'.,AZ,Write a YouTube description for a screen replacement tutorial,Summarise video content, include keywords and call-to-action.
95,Social Media,Bir ÅŸÉ™kil var: Usta É™lindÉ™ lehim avadanlÄ±ÄŸÄ±, anakarta baxÄ±r. Bu ÅŸÉ™kil Ã¼Ã§Ã¼n tÉ™svirvi altyazÄ± (caption) yaz (AZ).,AZ,Caption a photo of a technician soldering a motherboard,Emphasise focus and expertise.
96,Social Media,SÉ™s faylÄ±nÄ±n mÉ™zmunu (AZ): 'Salam, mÉ™n sabah laptopumu servisÉ™ gÉ™tirsÉ™m olar?' Bunu mÉ™tinÉ™ Ã§evir.,AZ,Transcribe a voice note asking about bringing a laptop tomorrow,Provide a clean transcript with punctuation.
97,Social Media,Provide a creative caption in English for a Facebook photo of our store front decorated with balloons for anniversary.,EN,Write a caption for an anniversary store photo,Use a festive, appreciative tone; invite customers to celebrate.
98,Social Media,LinkedIn mÉ™qalÉ™si Ã¼Ã§Ã¼n giriÅŸ paraqrafÄ± (AZ): mÃ¶vzu - 'Elektronika sektorunda mÃ¼ÅŸtÉ™ri mÉ™mnuniyyÉ™tinin rolu'.,AZ,Write an introductory paragraph for a LinkedIn article about customer satisfaction,Mention importance and PierringShotâ€™s approach.
99,Social Media,Audio transcription request: Convert the spoken customer testimonial in English to text.,EN,Transcribe an English customer testimonial,Provide a clean transcript; note any audio quality issues.
100,Social Media,TikTok videosu Ã¼Ã§Ã¼n qÄ±sa tÉ™svir yaz (AZ): mÃ¶vzu â€“ '10 saniyÉ™dÉ™ gadget mÉ™slÉ™hÉ™ti'.,AZ,Describe a TikTok video offering a 10-second gadget tip,Use casual, trendy language with hashtags.
101,Social Media,Draft a blog post introduction about why regular PC maintenance is important (EN).,EN,Introduce a blog on the importance of PC maintenance,Highlight benefits like longevity and performance.
102,Social Media,Compose a Facebook event description for a free tech workshop (AZ).,AZ,Describe a Facebook event for a free tech workshop,Include date, time, location, and sign-up details.
103,Social Media,Write an Instagram reel caption in AZ about unboxing a new gaming laptop.,AZ,Caption a reel showing unboxing a gaming laptop,Use excitement and emojis; briefly mention specs.
104,Social Media,Draft a newsletter announcement in EN for a new product launch.,EN,Write a newsletter segment about a new product launch,Include release date, features, and call-to-action.
105,Social Media,Create a social media poll question in AZ asking followers which accessory they want discounted next.,AZ,Engage followers with a poll question,Provide options like headset, keyboard, mouse; encourage voting.
106,Visual Design,Yeni kampaniya Ã¼Ã§Ã¼n poster dizayn et: mÃ¶vzu 'Laptop Endirim HÉ™ftÉ™si'. RÉ™nglÉ™r: brend (mavi/qara), elementlÉ™r: laptop, endirim faizi.,AZ,Design a poster for â€œLaptop Discount Weekâ€,Specify brand colours and required elements.
107,Visual Design,Generate an image prompt: A modern electronics repair shop interior, bright lighting, friendly staff at counter.,EN,Create an image generator prompt for a modern repair shop,Use detailed descriptors of environment and mood.
108,Visual Design,Instagram post Ã¼Ã§Ã¼n vizual kontent ideyasÄ± ver: mÃ¶vzu - 'MÃ¼ÅŸtÉ™ri mÉ™mnuniyyÉ™ti'. HÉ™m ÅŸÉ™kil, hÉ™m mÉ™tn.,AZ,Suggest visual and text content for an Instagram post about customer satisfaction,Recommend before/after photos or happy customers.
109,Visual Design,Logo variantlarÄ± Ã¼Ã§Ã¼n fikir ver: PierringShot Electronics, minimalistik vÉ™ yÃ¼ksÉ™k texnoloji stil.,AZ,Provide logo design ideas with minimalist, high-tech style,Describe shapes, colours, and symbolism.
110,Visual Design,In English, describe a design for a banner ad (728x90) advertising our 'Free Diagnostics' service, emphasising speed and trust.,EN,Guide the layout and elements of a banner ad,Suggest placement of text and visuals; use brand colours.
111,Visual Design,Daxili ofis Ã¼Ã§Ã¼n lÃ¶vhÉ™ dizayn et: Ã¼zÉ™rindÉ™ 'KeyfiyyÉ™t, SÃ¼rÉ™t, Etibar' sÃ¶zlÉ™ri olsun, PierringShot logosu ilÉ™.,AZ,Design an internal office signboard with motto and logo,Recommend materials, font style, and layout.
112,Visual Design,Create a prompt for generating an infographic about laptop maintenance tips (English).,EN,Provide instructions for an infographic about laptop maintenance,Outline main sections and visual elements.
113,Visual Design,Yeni il Ã¼Ã§Ã¼n sosial media postunun dizayn tapÅŸÄ±rÄ±ÄŸÄ±nÄ± ver: qar dÉ™nÉ™ciklÉ™ri fonunda, mÉ™hsullara xÃ¼susi endirim etiketi É™lavÉ™ olunub.,AZ,Describe a New Year themed social media post design,Include winter colours, snowflakes, and discount tags.
114,Visual Design,Draw concept art for a storefront redesign, blending modern and traditional elements (RU).,RU,Request concept art for a new storefront design,Combine modern and traditional motifs; mention lighting.
115,Visual Design,Suggest a colour scheme for PierringShotâ€™s rebranding that balances innovation and trust (EN).,EN,Recommend a colour palette for rebranding,Explain psychological impact of colours like blue and green.
116,Chatbot Behavior,Sistem Promptu: PierringShot AI WhatsApp botu Ã¼Ã§Ã¼n tÉ™rtib edilmiÅŸ qaydalar vÉ™ stil (AZ dilindÉ™, Brat Ã¼slubunda, 5 maddÉ™ ilÉ™).,AZ,Outline the system prompt for the WhatsApp AI bot,Five key rules emphasising friendliness, clarity, empathy, brand values, and emojis.
117,Chatbot Behavior,As a chatbot, how would you handle a situation where you don't know the answer to a technical question?,EN,Provide guidelines for unknown queries,Apologise; offer to research or refer to a human.
118,Chatbot Behavior,Ä°stifadÉ™Ã§i kobud ifadÉ™ iÅŸlÉ™dirsÉ™, AI bot cavabÄ± necÉ™ olmalÄ±dÄ±r? (AZ, nÃ¼munÉ™ cavabla),AZ,Define how the bot responds to rude language,Stay calm; maintain professionalism; ask for respectful communication.
119,Chatbot Behavior,Provide an English Q&A example where the user asks a long technical spec question and the bot summarizes the answer.,EN,Show the bot summarising a complex question concisely,End with an invitation for further questions.
120,Chatbot Behavior,Ğ¡Ğ¸ÑÑ‚ĞµĞ¼Ğ°: Ğ¿ĞµÑ€ĞµÑ‡Ğ¸ÑĞ»Ğ¸ Ñ‚Ñ€Ğ¸ ĞºĞ»ÑÑ‡ĞµĞ²Ñ‹Ñ… Ğ¿Ñ€Ğ¸Ğ½Ñ†Ğ¸Ğ¿Ğ° Ğ¾Ğ±Ñ‰ĞµĞ½Ğ¸Ñ AI Ğ¿Ğ¾Ğ¼Ğ¾Ñ‰Ğ½Ğ¸ĞºĞ° PierringShot (RU).,RU,Describe three key principles of communication in Russian,Focus on friendliness, clarity, and reliability.
121,Chatbot Behavior,MÃ¼ÅŸtÉ™ri: 'Bu maÄŸaza niyÉ™ belÉ™ bahadÄ±r?' â€“ AI botunuz bunu necÉ™ cavablayar (AZ)?,AZ,Demonstrate a response to a price complaint,Empathise; highlight quality and service benefits.
122,Chatbot Behavior,Design a prompt to test the chatbot's ability to handle multi-turn conversations about warranty and returns.,EN,Create a test scenario for multi-turn dialogue on warranty and returns,Outline typical customer questions and expected responses.
123,Chatbot Behavior,WhatsApp bot salamlama mesajÄ±nÄ± yaz (AZ): istifadÉ™Ã§i ilk dÉ™fÉ™ yazanda avtomatik gedÉ™n mesaj.,AZ,Provide a welcome message for first-time WhatsApp users,Introduce the bot; explain available assistance; invite questions.
124,Chatbot Behavior,Configure the bot's refusal style: if user asks for illegal help, how should it respond? (Provide AZ example),AZ,Define refusal style when users request illegal actions,Politely decline and explain policy constraints.
125,Chatbot Behavior,Model output example: AZ dilindÉ™, user soruÅŸur 'X servisinin qiymÉ™ti neÃ§É™yÉ™dir?', bot cavab verir tam mÉ™lumatla.,AZ,Provide a model Q&A on service pricing,Include price, what's included, and timing.
126,Chatbot Behavior,Define fallback response when the bot doesn't understand a message (EN).,EN,Specify fallback behaviour,Ask for clarification or rephrase.
127,Chatbot Behavior,Sample conversation for cross-selling accessories during a repair inquiry (AZ).,AZ,Illustrate cross-selling accessories in context,Suggest add-ons like cases or accessories.
128,Chatbot Behavior,How should the bot handle multiple languages in one conversation? Provide guidelines (EN).,EN,Handle multi-language conversations gracefully,Detect language and respond accordingly.
129,Chatbot Behavior,Scenario of handing off to a human agent when the bot cannot solve the problem (AZ).,AZ,Show how the bot escalates to a human agent,Apologise; collect info; connect to human.
130,Chatbot Behavior,Template for follow-up messages asking if the customer is satisfied with the solution (AZ).,AZ,Provide a follow-up message template,Thank the customer; check satisfaction; invite feedback.
131,Multimedia & Transcription,MÃ¼ÅŸtÉ™rinin sÉ™s mesajÄ±nÄ± mÉ™tnÉ™ Ã§evir: 'Salam, bazar gÃ¼nÃ¼ saat 3-dÉ™ gÉ™lÉ™ bilÉ™rÉ™mmi?',AZ,Transcribe a customer voice message about appointment time,Provide a clean transcript.
132,Multimedia & Transcription,Bir mÉ™hsul fotoÅŸÉ™klinÄ±n altÄ±na AZ dilindÉ™ 2 cÃ¼mlÉ™lik tÉ™svir yaz: mÉ™hsul - oyunÃ§u siÃ§anÄ±, RGB iÅŸÄ±qlÄ±.,AZ,Caption a product photo of a gaming mouse,Summarise style and gamer appeal.
133,Multimedia & Transcription,Video xÃ¼lasÉ™si yaz (AZ): 'Laptop vs Desktop: HansÄ±nÄ± seÃ§mÉ™k' tÉ™xminÉ™n 5 dÉ™qiqÉ™lik video.,AZ,Summarise a five-minute video comparing laptops and desktops,Highlight key differences and usage contexts.
134,Multimedia & Transcription,Convert Russian speech to text: 'Ğ—Ğ´Ñ€Ğ°Ğ²ÑÑ‚Ğ²ÑƒĞ¹Ñ‚Ğµ, Ñƒ Ğ¼ĞµĞ½Ñ Ğ¿Ñ€Ğ¾Ğ±Ğ»ĞµĞ¼Ğ° Ñ Ğ·Ğ°Ñ€ÑĞ´ĞºĞ¾Ğ¹ Ğ½Ğ¾ÑƒÑ‚Ğ±ÑƒĞºĞ°...',RU,Transcribe Russian speech about a laptop charging problem,Provide the transcript in Russian.
135,Multimedia & Transcription,Write an ALT text in English for an image: A technician smiling while holding a repaired smartphone.,EN,Provide alt text for web accessibility,Describe the scene succinctly.
136,Multimedia & Transcription,SÉ™s yazÄ±sÄ±nÄ± xÃ¼lasÉ™ et (AZ): MÃ¼ÅŸtÉ™ri 2 dÉ™qiqÉ™lik audio gÃ¶ndÉ™rib, mÃ¶vzu - notebook probleminin izahÄ±.,AZ,Summarise a two-minute audio describing a laptop issue,Extract key points and suggest actions.
137,Multimedia & Transcription,Bir meme paylaÅŸÄ±mÄ± Ã¼Ã§Ã¼n AZ dilindÉ™ yumoristik baÅŸlÄ±q yaz: ÅŸÉ™kil - kompÃ¼ter qarÅŸÄ±sÄ±nda yatan piÅŸik.,AZ,Create a funny caption for a meme,Use humour and a pun about IT support.
138,Multimedia & Transcription,Provide a transcription and translation: Audio is in Russian explaining how to restart a router, output text in AZ.,RU,Transcribe Russian audio and translate to Azerbaijani,Deliver both transcription and translation.
139,Multimedia & Transcription,AI-generated transcript for a training video: Provide a transcript of a 3 minute English instructional video on hard drive installation.,EN,Transcribe a 3-minute instructional video on hard drive installation,Include step descriptions and key instructions.
140,Multimedia & Transcription,Caption a tutorial screenshot: Write a caption in AZ for a screenshot showing a BIOS menu with RAM settings.,AZ,Provide a caption for a technical screenshot,Explain whatâ€™s visible and why it matters.
141,Others,Operator kÃ¶mÉ™kÃ§i: GÉ™lÉ™n zÉ™nglÉ™ri avtomatik qeydiyyata alan sistem Ã¼Ã§Ã¼n qÄ±sa tÉ™limat hazÄ±rla (AZ).,AZ,Create guidelines for an operator assistant that logs incoming calls,Outline steps or features of the system.
142,Others,Groq API cavablandÄ±rma sistemi Ã¼Ã§Ã¼n sistem prompt nÃ¼munÉ™si ver (AI model OpenAI alternativi kimi).,AZ,Provide a system prompt example for Groq API,Include sample code or instructions.
143,Others,PierringShot Electronics haqqÄ±nda qÄ±sa ÅŸeir yaz (AZ), humoristik tonda.,AZ,Write a short humorous poem about PierringShot,Keep it 4â€“6 lines with rhymes and brand references.
144,Others,MÃ¼ÅŸtÉ™ri tez-tez verilÉ™n suallar (FAQ) siyahÄ±sÄ± hazÄ±rla: É™n az 5 sual-cavab (AZ).,AZ,Generate a FAQ list with at least five Q&A pairs,Cover warranty, returns, delivery, and payment methods.
145,Others,CSV fayldakÄ± mÃ¼ÅŸtÉ™ri sorÄŸularÄ±nÄ± oxuyub, bÉ™nzÉ™rliklÉ™rinÉ™ gÃ¶rÉ™ qruplaÅŸdÄ±r (AZ tÉ™limat).,AZ,Explain how to cluster customer queries from a CSV,Describe grouping based on similarity or embeddings.
146,Others,AI-dÉ™n soruÅŸ: 'Brat, bugÃ¼n halÄ±m yox, bir az mÉ™ni motivasiya elÉ™' vÉ™ cavabÄ±nÄ± yaz.,AZ,Create a motivational response to a user feeling down,Use uplifting language and local flavour encouragement.
147,Others,Create a prompt that can help schedule appointments based on a provided calendar (EN).,EN,Design a prompt for scheduling appointments using a calendar,Outline required inputs and the response format.
148,Others,ĞĞ¹ Ğ·Ğ°Ğ¿Ñ€Ğ¾Ñ: ÑĞ¾ÑÑ‚Ğ°Ğ²ÑŒ Ğ½Ğ° Ñ€ÑƒÑÑĞºĞ¾Ğ¼ ÑĞ¿Ğ¸ÑĞ¾Ğº Ğ¸Ğ· 3 Ğ¿Ñ€ĞµĞ¸Ğ¼ÑƒÑ‰ĞµÑÑ‚Ğ² Ñ€ĞµĞ¼Ğ¾Ğ½Ñ‚Ğ° Ğ² PierringShot Electronics.,RU,List three advantages of getting repairs at PierringShot in Russian,Mention experienced technicians, warranty, and quick service.
149,Others,Internal email (EN) from a manager praising the tech team for handling a surge in repair requests effectively.,EN,Draft a professional appreciative email to staff,Mention specifics; encourage continued good work.
150,Others,TÉ™sÉ™vvÃ¼r elÉ™ ki, PierringShot-un maskotu var (mÉ™s: robot uÅŸaq). Onun qÄ±sa hekayÉ™sini yaz.,AZ,Imagine a mascot and write a short story about it,Creative writing to humanise the brand.